caption,photo_id
Bruschetta,4PqGfSIGLIy_0SRyjo_Bmw
Bruschetta,MufvcEz3oJpZq0zpILy9Ow
Bruschetta,pyGa2Z0Hxh2FZm3YxCS_DA
Bruschetta,1zkG78efWIdxmCiD2P_yZg
Bruschetta,NXHiV7jQ5JPGrWK0yXtMsw
Bruschetta,RFfxxj8oiyG1IsH4eBHmjQ
Bruschetta,sz9p6OkeKA-beaXrlSiybQ
Bruschetta,gTE3P2yBh-MtnWwpTHcHaQ
Bruschetta,8EeXySeBW_zDnRuPiVaEjg
Bruschetta,BB5tQoW5ZSV2ftuQeVWIcw
Bruschetta,VuSKxqEVHAMLu72ttg7Zyw
Bruschetta,hcL890qkXTO1z7sqXbxthA
Bruschetta,3FVRdDauPjKw2nzc8r2gmA
Bruschetta,JI1RgqVtp4vkZy_zOnD0Dg
Bruschetta,cy-9jloWWtBEXxuNRpLNTA
Bruschetta,NRVRCbFYyl4RdUF62sDtmg
Bruschetta,saFsmjoN6f1CEmAOKYH3zg
Bruschetta,UL6DZ6x8OplNLO3aoclFYw
Bruschetta,Oq7d_FzOL62wtCEL-CVJ6Q
Bruschetta,Dc6lqaVCRgsbRgieuCmklQ
Cannoli,526
Cannoli,2980
Cannoli,6564
Cannoli,7336
Cannoli,18144
Cannoli,43425
Cannoli,57467
Cannoli,63180
Cannoli,66922
Cannoli,74331
Cannoli,75666
Cannoli,75744
Cannoli,89755
Cannoli,91738
Cannoli,96151
Cannoli,96205
Cannoli,96922
Cannoli,99029
Cannoli,106010
Cannoli,106797
Ceviche,5xWcYFbHutKKMerz46j3qQ
Ceviche,RnbaXDvPhWycqBMUAkGk7g
Ceviche,BrpV1RC2Xr9PRFWlWVq-UQ
Ceviche,JPjwqvvzxE3unuSGoJQllQ
Ceviche,XWoxiCEop0EbCYr1FjplSQ
Ceviche,JwZQqACT0kx0ai38sO6Hsg
Ceviche,904
Ceviche,905
Ceviche,1995
Ceviche,4733
Ceviche,21762
Ceviche,25779
Ceviche,27823
Ceviche,44444
Ceviche,47549
Ceviche,48585
Ceviche,54797
Ceviche,55744
Ceviche,58629
Ceviche,67417
Chicken Curry,0Nx8xAXu59m9IN9z1hn61g
Chicken Curry,nt-77KGcqLlO33yzEgdMIg
Chicken Curry,wLHKz_ifHmJpJmwEmENTzw
Chicken Curry,bxCG9kSklB_hoCT2tnKmdg
Chicken Curry,bsB69Yq6rMf6ClXmlRKUMw
Chicken Curry,04Rf1P9xqr9AqXgn6EC_BQ
Chicken Curry,yLlPzti7n8nmmAzjxo1D-w
Chicken Curry,wrIdZCGNlM9UNHuPYI6eVw
Chicken Curry,K5W_Rxm_DzxvoqBjQGVXpQ
Chicken Curry,AJGMC3BB2vgM39zHzJpcqw
Chicken Curry,876
Chicken Curry,2100
Chicken Curry,11207
Chicken Curry,16107
Chicken Curry,18042
Chicken Curry,26605
Chicken Curry,34599
Chicken Curry,34889
Chicken Curry,35409
Chicken Curry,36340
Crab Cakes,3520
Crab Cakes,8578
Crab Cakes,13263
Crab Cakes,19849
Crab Cakes,20566
Crab Cakes,20845
Crab Cakes,21000
Crab Cakes,29801
Crab Cakes,30723
Crab Cakes,31343
Crab Cakes,33374
Crab Cakes,33611
Crab Cakes,34231
Crab Cakes,53906
Crab Cakes,55478
Crab Cakes,63462
Crab Cakes,63702
Crab Cakes,64227
Crab Cakes,64297
Crab Cakes,64552
Dumplings,183WbS1HavIDaGu4v1h9LQ
Dumplings,YjmtiquShr-7WAWv3M7tew
Dumplings,BAh1yGWL-hzLpyrHPpZw6Q
Dumplings,-RUAWBa-4KIoqV_jMgnfQg
Dumplings,7lrs-n28skyRwODWYK0JRg
Dumplings,Tu-VMkB97RA7eW7A3I23YQ
Dumplings,kk2PEIi1rzBr61k0WMG0ng
Dumplings,fYxrkBDH6f55ghNJPqUkBw
Dumplings,KtxIDYt_FnGgtsABiFHGJw
Dumplings,EXx8gsX_qJDQLfrRS2e2aQ
Dumplings,2rdNhsOs9iaRQeHBxSesMQ
Dumplings,432
Dumplings,440
Dumplings,443
Dumplings,593
Dumplings,711
Dumplings,2237
Dumplings,2244
Dumplings,4545
Dumplings,6201
Falafel,1450
Falafel,1670
Falafel,2645
Falafel,3140
Falafel,4143
Falafel,6768
Falafel,7396
Falafel,9787
Falafel,17986
Falafel,20116
Falafel,23760
Falafel,25564
Falafel,26819
Falafel,29039
Falafel,32746
Falafel,33628
Falafel,34649
Falafel,35173
Falafel,37202
Falafel,37529
French Fries,WaRG9r0m_VlymQe8Cykghg
French Fries,pLck6mBCIbWb3xP6g3kFCQ
French Fries,qAz2DVdZlmKX5MBdJ0a8NQ
French Fries,SdETXKY6kUkP9M6Bg3kO1g
French Fries,6_HKQM2R4xRXSIfg5wgq4Q
French Fries,U0bC4J8ePGP1DmKI3w2WIw
French Fries,4wi_ZTdsxhOspRNqDkiOTQ
French Fries,3nK0l_j18SKAkxy_9YBVzg
French Fries,SvwmArfo9crWHhbarNJPUQ
French Fries,4a56LMzn8eGeXO0sW9yrnQ
French Fries,3139
French Fries,10897
French Fries,17394
French Fries,20215
French Fries,24479
French Fries,43636
French Fries,51368
French Fries,51678
French Fries,52510
French Fries,57594
French Toast,4893
French Toast,6264
French Toast,6612
French Toast,14102
French Toast,18061
French Toast,18789
French Toast,21169
French Toast,21807
French Toast,24300
French Toast,27809
French Toast,35366
French Toast,38372
French Toast,42077
French Toast,53291
French Toast,54524
French Toast,55587
French Toast,57881
French Toast,61623
French Toast,62837
French Toast,63314
Fried Rice,MmKayLjzf6P3pDOkUN3Arw
Fried Rice,xrgRTmnlw4bDhzfizPSYfw
Fried Rice,0zP4qCea5eZFV0KEms9VZg
Fried Rice,iQW6McgCGJNOH6PoEPhOGQ
Fried Rice,C_NAq1wHSSOWftb9rw42Qw
Fried Rice,xkQBckzrlB0FySyT0L_D_w
Fried Rice,4BiZl_nRYJnjJ9lyk2Kp5w
Fried Rice,3SkKtnMy1q2RfFGSReFINQ
Fried Rice,d4dkj6ZOupBrRwqpEBxUFQ
Fried Rice,2VR83xZRBs0VsT3O9OOtNg
Fried Rice,V_dUdO_d2Um8-pEuWWg-8g
Fried Rice,JNDpAIYzEduWRO4IJCG6qA
Fried Rice,HAIsKAYuFH95DHD7-YKFJg
Fried Rice,iSuGVf-klm2OBp2vc84U9Q
Fried Rice,RKZm34sSWpL5IM1ALEtsCw
Fried Rice,4_o3oiwV9S8sTSxLfcU2DA
Fried Rice,szsrwqQK55SBQ44XiimDDw
Fried Rice,1084
Fried Rice,1391
Fried Rice,2608